Campaign,Keyword,Match Type
WeReact — Search — Morocco,marketing,Phrase
WeReact — Search — Morocco,communication,Phrase
WeReact — Search — Morocco,publicité,Phrase
WeReact — Search — Morocco,advertising,Phrase
WeReact — Search — Morocco,branding,Phrase
WeReact — Search — Morocco,brand identity,Phrase
WeReact — Search — Morocco,rebranding,Phrase
WeReact — Search — Morocco,seo,Phrase
WeReact — Search — Morocco,référencement,Phrase
WeReact — Search — Morocco,content creation,Phrase
WeReact — Search — Morocco,social media,Phrase
WeReact — Search — Morocco,media buying,Phrase
WeReact — Search — Morocco,media buyer,Phrase
WeReact — Search — Morocco,lead generation,Phrase
WeReact — Search — Morocco,smma,Phrase
WeReact — Search — Morocco,growth strategy,Phrase
WeReact — Search — Morocco,go to market,Phrase
WeReact — Search — Morocco,ugc,Phrase
WeReact — Search — Morocco,logo,Phrase
WeReact — Search — Morocco,free,Phrase
WeReact — Search — Morocco,gratuit,Phrase
WeReact — Search — Morocco,gratuitement,Phrase
WeReact — Search — Morocco,how to,Phrase
WeReact — Search — Morocco,comment,Phrase
WeReact — Search — Morocco,tutorial,Phrase
WeReact — Search — Morocco,tuto,Phrase
WeReact — Search — Morocco,wix,Phrase
WeReact — Search — Morocco,wordpress,Phrase
WeReact — Search — Morocco,webflow,Phrase
WeReact — Search — Morocco,shopify,Phrase
WeReact — Search — Morocco,magento,Phrase
WeReact — Search — Morocco,elementor,Phrase
WeReact — Search — Morocco,mobirise,Phrase
WeReact — Search — Morocco,canva,Phrase
WeReact — Search — Morocco,ai website,Phrase
WeReact — Search — Morocco,ai generated,Phrase
WeReact — Search — Morocco,no code,Phrase
WeReact — Search — Morocco,html,Phrase
WeReact — Search — Morocco,css,Phrase
WeReact — Search — Morocco,javascript,Phrase
WeReact — Search — Morocco,from scratch,Phrase
WeReact — Search — Morocco,blogger,Phrase
WeReact — Search — Morocco,youcan,Phrase
WeReact — Search — Morocco,create website,Phrase
WeReact — Search — Morocco,creer site,Phrase
WeReact — Search — Morocco,créer un site,Phrase
WeReact — Search — Morocco,builder,Phrase
WeReact — Search — Morocco,job,Phrase
WeReact — Search — Morocco,jobs,Phrase
WeReact — Search — Morocco,emploi,Phrase
WeReact — Search — Morocco,stage,Phrase
WeReact — Search — Morocco,recrutement,Phrase
WeReact — Search — Morocco,école,Phrase
WeReact — Search — Morocco,university,Phrase
WeReact — Search — Morocco,étudiant,Phrase
WeReact — Search — Morocco,ensa,Phrase
WeReact — Search — Morocco,ofppt,Phrase
WeReact — Search — Morocco,freelance,Phrase
WeReact — Search — Morocco,fiverr,Phrase
WeReact — Search — Morocco,salary,Phrase
WeReact — Search — Morocco,salaire,Phrase
WeReact — Search — Morocco,course,Phrase
WeReact — Search — Morocco,cours,Phrase
WeReact — Search — Morocco,formation,Phrase
WeReact — Search — Morocco,weshore,Phrase
WeReact — Search — Morocco,mediaman,Phrase
WeReact — Search — Morocco,allo baba,Phrase
WeReact — Search — Morocco,genious,Phrase
WeReact — Search — Morocco,tribal,Phrase
WeReact — Search — Morocco,hello world,Phrase
WeReact — Search — Morocco,hello world agency,Phrase
WeReact — Search — Morocco,seocom,Phrase
WeReact — Search — Morocco,ikon,Phrase
WeReact — Search — Morocco,dropify,Phrase
WeReact — Search — Morocco,someway agency,Phrase
WeReact — Search — Morocco,webcinq,Phrase
WeReact — Search — Morocco,digital speak,Phrase
WeReact — Search — Morocco,engagia,Phrase
WeReact — Search — Morocco,template,Phrase
WeReact — Search — Morocco,templates,Phrase
WeReact — Search — Morocco,modèle,Phrase
WeReact — Search — Morocco,modèles,Phrase
WeReact — Search — Morocco,exemple,Phrase
WeReact — Search — Morocco,exemples,Phrase
WeReact — Search — Morocco,examples,Phrase
WeReact — Search — Morocco,ideas,Phrase
WeReact — Search — Morocco,inspiration,Phrase
WeReact — Search — Morocco,community manager,Phrase
WeReact — Search — Morocco,community management,Phrase
WeReact — Search — Morocco,réseaux sociaux,Phrase
WeReact — Search — Morocco,google ads,Phrase
WeReact — Search — Morocco,facebook ads,Phrase
WeReact — Search — Morocco,squarespace,Phrase
WeReact — Search — Morocco,godaddy,Phrase
WeReact — Search — Morocco,hostinger,Phrase
WeReact — Search — Morocco,site123,Phrase
WeReact — Search — Morocco,créer site,Phrase
